resource_id,lesson_route,source_file,source_page,section,title,classification,has_input,input_types,source_text_status,paraphrase_status,confidence,review_needed,notes
cbt-skills-p003,/learn/cbt-anxiety/introduction-to-cbt.html,7 CBT SKills.pdf,3,CBT Skills,"Fear, Anxiety, Stress, and Panic",informational,false,,source-extraction-review-needed,review-needed,medium,true,Printed text OCR was normalized and structured from the page image; visual comparison is required before final acceptance.
cbt-skills-p004,/learn/cbt-anxiety/introduction-to-cbt.html,7 CBT SKills.pdf,4,CBT Skills,Understanding My Anxiety,interactive,true,reflection,source-extraction-review-needed,review-needed,medium,true,Printed text OCR was normalized and structured from the page image; visual comparison is required before final acceptance.
cbt-skills-p005,/learn/cbt-anxiety/introduction-to-cbt.html,7 CBT SKills.pdf,5,CBT Skills,The Cost of Anxiety,mixed,true,textarea|reflection,source-extraction-review-needed,review-needed,medium,true,Printed text OCR was normalized and structured from the page image; visual comparison is required before final acceptance.
cbt-skills-p006,/learn/cbt-anxiety/introduction-to-cbt.html,7 CBT SKills.pdf,6,CBT Skills,Symptoms of Anxiety,informational,false,,source-extraction-insufficient,review-needed,low,true,Printed text OCR was normalized and structured from the page image; visual comparison is required before final acceptance.
cbt-skills-p007,/learn/cbt-anxiety/introduction-to-cbt.html,7 CBT SKills.pdf,7,CBT Skills,Alarming Adrenaline,informational,false,,source-extraction-review-needed,review-needed,medium,true,Printed text OCR was normalized and structured from the page image; visual comparison is required before final acceptance.
cbt-skills-p008,/learn/cbt-anxiety/introduction-to-cbt.html,7 CBT SKills.pdf,8,CBT Skills,Fight or Flight,informational,false,,source-extraction-review-needed,review-needed,medium,true,Printed text OCR was normalized and structured from the page image; visual comparison is required before final acceptance.
cbt-skills-p009,/learn/cbt-anxiety/introduction-to-cbt.html,7 CBT SKills.pdf,9,CBT Skills,Five Factor Model,informational,false,,lesson-native-context,review-needed,high,true,Printed text OCR was normalized and structured from the page image; visual comparison is required before final acceptance. Native wording is integrated into existing stable lesson anchors.
cbt-skills-p010,/learn/cbt-anxiety/introduction-to-cbt.html,7 CBT SKills.pdf,10,CBT Skills,Five Factor Model Worksheet,interactive,true,table,source-extraction-review-needed,review-needed,low,true,Printed text OCR was normalized and structured from the page image; visual comparison is required before final acceptance.
cbt-skills-p012,/learn/cbt-anxiety/thinking-traps.html,7 CBT SKills.pdf,12,CBT Skills,Thinking Traps Overview,informational,false,,lesson-native-context,draft,high,false,Printed text OCR was normalized and structured from the page image; visual comparison is required before final acceptance. Native wording is integrated into existing stable lesson anchors.
cbt-skills-p013,/learn/cbt-anxiety/thinking-traps.html,7 CBT SKills.pdf,13,CBT Skills,Testing Your Thoughts: Side One,interactive,true,table,source-extraction-review-needed,review-needed,medium,true,Printed text OCR was normalized and structured from the page image; visual comparison is required before final acceptance.
cbt-skills-p014,/learn/cbt-anxiety/thinking-traps.html,7 CBT SKills.pdf,14,CBT Skills,What Are Core Beliefs?,informational,false,,source-extraction-review-needed,review-needed,medium,true,Printed text OCR was normalized and structured from the page image; visual comparison is required before final acceptance.
cbt-skills-p015,/learn/cbt-anxiety/thinking-traps.html,7 CBT SKills.pdf,15,CBT Skills,Testing Your Thoughts: Side Two,interactive,true,reflection|textarea,source-extraction-review-needed,review-needed,medium,true,Printed text OCR was normalized and structured from the page image; visual comparison is required before final acceptance.
cbt-skills-p016,/learn/cbt-anxiety/thinking-traps.html,7 CBT SKills.pdf,16,CBT Skills,Find the Thinking Traps,mixed,true,reflection,source-extraction-review-needed,review-needed,medium,true,Printed text OCR was normalized and structured from the page image; visual comparison is required before final acceptance.
cbt-skills-p017,/learn/cbt-anxiety/thinking-traps.html,7 CBT SKills.pdf,17,CBT Skills,"Identifying Thinking Traps, Part 1",interactive,true,repeating-rows|reflection,source-extraction-review-needed,review-needed,medium,true,Printed text OCR was normalized and structured from the page image; visual comparison is required before final acceptance.
cbt-skills-p018,/learn/cbt-anxiety/thinking-traps.html,7 CBT SKills.pdf,18,CBT Skills,"Identifying Thinking Traps, Part 2",interactive,true,repeating-rows|reflection,source-extraction-review-needed,review-needed,medium,true,Printed text OCR was normalized and structured from the page image; visual comparison is required before final acceptance.
cbt-skills-p020,/learn/cbt-anxiety/thought-records.html,7 CBT SKills.pdf,20,CBT Skills,The Farmer and His Horse,informational,false,,source-extraction-review-needed,review-needed,medium,true,Printed text OCR was normalized and structured from the page image; visual comparison is required before final acceptance.
cbt-skills-p021,/learn/cbt-anxiety/thought-records.html,7 CBT SKills.pdf,21,CBT Skills,How to Get Out of a Thinking Trap,informational,false,,source-extraction-review-needed,review-needed,medium,true,Printed text OCR was normalized and structured from the page image; visual comparison is required before final acceptance.
cbt-skills-p022,/learn/cbt-anxiety/thought-records.html,7 CBT SKills.pdf,22,CBT Skills,Challenge Negative Thinking,informational,false,,source-extraction-review-needed,review-needed,medium,true,Printed text OCR was normalized and structured from the page image; visual comparison is required before final acceptance.
cbt-skills-p023,/learn/cbt-anxiety/thought-records.html,7 CBT SKills.pdf,23,CBT Skills,Challenging Negative Thinking Practice,interactive,true,reflection|rating-scale,source-extraction-review-needed,review-needed,medium,true,Printed text OCR was normalized and structured from the page image; visual comparison is required before final acceptance.
cbt-skills-p024,/learn/cbt-anxiety/thought-records.html,7 CBT SKills.pdf,24,CBT Skills,Thought Record Part 1,informational,false,,lesson-native-context,review-needed,high,true,Printed text OCR was normalized and structured from the page image; visual comparison is required before final acceptance. Native wording is integrated into existing stable lesson anchors.
cbt-skills-p025,/learn/cbt-anxiety/thought-records.html,7 CBT SKills.pdf,25,CBT Skills,Identifying Automatic Thoughts,interactive,true,reflection|text|textarea,source-extraction-review-needed,review-needed,medium,true,Printed text OCR was normalized and structured from the page image; visual comparison is required before final acceptance.
cbt-skills-p027,/learn/cbt-anxiety/thought-records-part-2.html,7 CBT SKills.pdf,27,CBT Skills,Thought Record Part 2: Challenging the Hot Thought,informational,false,,lesson-native-context,review-needed,high,true,Printed text OCR was normalized and structured from the page image; visual comparison is required before final acceptance. Native wording is integrated into existing stable lesson anchors.
cbt-skills-p028,/learn/cbt-anxiety/thought-records-part-2.html,7 CBT SKills.pdf,28,CBT Skills,Looking for Evidence,informational,false,,source-extraction-review-needed,review-needed,medium,true,Printed text OCR was normalized and structured from the page image; visual comparison is required before final acceptance.
cbt-skills-p029,/learn/cbt-anxiety/thought-records-part-2.html,7 CBT SKills.pdf,29,CBT Skills,Creating Balanced Alternatives,informational,false,,source-extraction-review-needed,review-needed,medium,true,Printed text OCR was normalized and structured from the page image; visual comparison is required before final acceptance.
cbt-skills-p030,/learn/cbt-anxiety/thought-records-part-2.html,7 CBT SKills.pdf,30,CBT Skills,Best Friend Technique and Re-Rating,informational,false,,source-extraction-review-needed,review-needed,medium,true,Printed text OCR was normalized and structured from the page image; visual comparison is required before final acceptance.
cbt-skills-p031,/learn/cbt-anxiety/thought-records-part-2.html,7 CBT SKills.pdf,31,CBT Skills,Thoughts About Thought Records,informational,false,,source-extraction-review-needed,review-needed,medium,true,Printed text OCR was normalized and structured from the page image; visual comparison is required before final acceptance.
cbt-skills-p032,/learn/cbt-anxiety/thought-records-part-2.html,7 CBT SKills.pdf,32,CBT Skills,Completed Thought Record Example 1,informational,false,,source-extraction-review-needed,review-needed,medium,true,Printed text OCR was normalized and structured from the page image; visual comparison is required before final acceptance.
cbt-skills-p033,/learn/cbt-anxiety/thought-records-part-2.html,7 CBT SKills.pdf,33,CBT Skills,Completed Thought Record Example 2,informational,false,,source-extraction-review-needed,review-needed,medium,true,Printed text OCR was normalized and structured from the page image; visual comparison is required before final acceptance.
cbt-skills-p034,/learn/cbt-anxiety/thought-records-part-2.html,7 CBT SKills.pdf,34,CBT Skills,Blank Thought Record,mixed,true,text|multi-select|repeating-rows|rating-scale|table,lesson-native-context,review-needed,high,true,Printed text OCR was normalized and structured from the page image; visual comparison is required before final acceptance. Native wording is integrated into existing stable lesson anchors.
cbt-skills-p036,/learn/cbt-anxiety/understanding-worry.html,7 CBT SKills.pdf,36,CBT Skills,"Understanding Worry, Part 1",informational,false,,source-extraction-review-needed,review-needed,medium,true,Printed text OCR was normalized and structured from the page image; visual comparison is required before final acceptance.
cbt-skills-p037,/learn/cbt-anxiety/understanding-worry.html,7 CBT SKills.pdf,37,CBT Skills,"Understanding Worry, Part 2",informational,false,,source-extraction-review-needed,review-needed,medium,true,Printed text OCR was normalized and structured from the page image; visual comparison is required before final acceptance.
cbt-skills-p038,/learn/cbt-anxiety/understanding-worry.html,7 CBT SKills.pdf,38,CBT Skills,Worry Beliefs,informational,false,,source-extraction-review-needed,review-needed,medium,true,Printed text OCR was normalized and structured from the page image; visual comparison is required before final acceptance.
cbt-skills-p039,/learn/cbt-anxiety/understanding-worry.html,7 CBT SKills.pdf,39,CBT Skills,Worry and Problem Solving,informational,false,,source-extraction-review-needed,review-needed,medium,true,Printed text OCR was normalized and structured from the page image; visual comparison is required before final acceptance.
cbt-skills-p040,/learn/cbt-anxiety/understanding-worry.html,7 CBT SKills.pdf,40,CBT Skills,Postpone Your Worry,informational,false,,source-extraction-review-needed,review-needed,medium,true,Printed text OCR was normalized and structured from the page image; visual comparison is required before final acceptance.
cbt-skills-p041,/learn/cbt-anxiety/understanding-worry.html,7 CBT SKills.pdf,41,CBT Skills,Using the Worry Tree,informational,false,,lesson-native-context,review-needed,high,true,Printed text OCR was normalized and structured from the page image; visual comparison is required before final acceptance. Native wording is integrated into existing stable lesson anchors.
cbt-skills-p042,/learn/cbt-anxiety/understanding-worry.html,7 CBT SKills.pdf,42,CBT Skills,The Worry Tree,informational,false,,lesson-native-context,review-needed,high,true,Printed text OCR was normalized and structured from the page image; visual comparison is required before final acceptance. Native wording is integrated into existing stable lesson anchors.
cbt-skills-p044,/learn/cbt-anxiety/understanding-worry.html,7 CBT SKills.pdf,44,CBT Skills,Worry Diary,interactive,true,table,source-extraction-review-needed,review-needed,low,true,Printed text OCR was normalized and structured from the page image; visual comparison is required before final acceptance.
cbt-skills-p045,/learn/cbt-anxiety/understanding-worry.html,7 CBT SKills.pdf,45,CBT Skills,Fear Ladder Starter,interactive,true,table,source-extraction-insufficient,review-needed,low,true,Printed text OCR was normalized and structured from the page image; visual comparison is required before final acceptance.
cbt-skills-p047,/learn/cbt-anxiety/safety-behaviours-exposure.html,7 CBT SKills.pdf,47,CBT Skills,Avoidance Worksheet,interactive,true,reflection|repeating-rows,source-extraction-review-needed,review-needed,medium,true,Printed text OCR was normalized and structured from the page image; visual comparison is required before final acceptance.
cbt-skills-p048,/learn/cbt-anxiety/safety-behaviours-exposure.html,7 CBT SKills.pdf,48,CBT Skills,What Are Safety Behaviours?,informational,false,,lesson-native-context,review-needed,high,true,Printed text OCR was normalized and structured from the page image; visual comparison is required before final acceptance. Native wording is integrated into existing stable lesson anchors.
cbt-skills-p049,/learn/cbt-anxiety/safety-behaviours-exposure.html,7 CBT SKills.pdf,49,CBT Skills,Safety Behaviour Checklist,mixed,true,multi-select,source-extraction-review-needed,review-needed,medium,true,Printed text OCR was normalized and structured from the page image; visual comparison is required before final acceptance.
cbt-skills-p050,/learn/cbt-anxiety/safety-behaviours-exposure.html,7 CBT SKills.pdf,50,CBT Skills,Situational Exposure,informational,false,,lesson-native-context,review-needed,high,true,Printed text OCR was normalized and structured from the page image; visual comparison is required before final acceptance. Native wording is integrated into existing stable lesson anchors.
cbt-skills-p051,/learn/cbt-anxiety/safety-behaviours-exposure.html,7 CBT SKills.pdf,51,CBT Skills,Examples of Fear Ladders,informational,false,,source-extraction-review-needed,review-needed,medium,true,Printed text OCR was normalized and structured from the page image; visual comparison is required before final acceptance.
cbt-skills-p052,/learn/cbt-anxiety/safety-behaviours-exposure.html,7 CBT SKills.pdf,52,CBT Skills,Ideas for Challenging Different Fears,informational,false,,source-extraction-review-needed,review-needed,medium,true,Printed text OCR was normalized and structured from the page image; visual comparison is required before final acceptance.
cbt-skills-p053,/learn/cbt-anxiety/safety-behaviours-exposure.html,7 CBT SKills.pdf,53,CBT Skills,Developing Exposure Hierarchies,mixed,true,reflection|text|planning|rating-scale|textarea,lesson-native-context,draft,high,false,Printed text OCR was normalized and structured from the page image; visual comparison is required before final acceptance. Native wording is integrated into existing stable lesson anchors.
cbt-skills-p054,/learn/cbt-anxiety/safety-behaviours-exposure.html,7 CBT SKills.pdf,54,CBT Skills,Exposure Hierarchy Worksheet,mixed,true,reflection|text|planning|rating-scale|textarea,lesson-native-context,draft,high,false,Printed text OCR was normalized and structured from the page image; visual comparison is required before final acceptance. Native wording is integrated into existing stable lesson anchors.
distress-tolerance-p003,/learn/distress-tolerance/stop-crisis-survival.html,2 Distress Tolerance.pdf,3,Distress Tolerance,How Can I Make a Distress Crisis Worse?,informational,false,,source-extraction-insufficient,review-needed,low,true,Printed text OCR was normalized and structured from the page image; visual comparison is required before final acceptance.
distress-tolerance-p004,/learn/distress-tolerance/stop-crisis-survival.html,2 Distress Tolerance.pdf,4,Distress Tolerance,When to Use Crisis Survival Skills,informational,false,,source-extraction-review-needed,review-needed,medium,true,Embedded searchable PDF text normalized and structured in QMD; repeated publication footer omitted. Visual structure still requires review unless integrated into an authored section.
distress-tolerance-p005,/learn/distress-tolerance/radical-acceptance.html,2 Distress Tolerance.pdf,5,Distress Tolerance,Turning the Mind,informational,false,,lesson-native-context,draft,high,false,Embedded searchable PDF text normalized and structured in QMD; repeated publication footer omitted. Visual structure still requires review unless integrated into an authored section. Native wording is integrated into existing stable lesson anchors.
distress-tolerance-p006,/learn/distress-tolerance/radical-acceptance.html,2 Distress Tolerance.pdf,6,Distress Tolerance,Willingness,informational,false,,lesson-native-context,draft,high,false,Embedded searchable PDF text normalized and structured in QMD; repeated publication footer omitted. Visual structure still requires review unless integrated into an authored section. Native wording is integrated into existing stable lesson anchors.
distress-tolerance-p007,/learn/distress-tolerance/stop-crisis-survival.html,2 Distress Tolerance.pdf,7,Distress Tolerance,STOP Skill,informational,false,,lesson-native-context,review-needed,high,true,Embedded searchable PDF text normalized and structured in QMD; repeated publication footer omitted. Visual structure still requires review unless integrated into an authored section. Native wording is integrated into existing stable lesson anchors.
distress-tolerance-p008,/learn/distress-tolerance/radical-acceptance.html,2 Distress Tolerance.pdf,8,Distress Tolerance,"Turning the Mind, Willingness, and Willfulness",interactive,true,reflection|table|planning|date|text|rating-scale,source-extraction-review-needed,review-needed,medium,true,Embedded searchable PDF text normalized and structured in QMD; repeated publication footer omitted. Visual structure still requires review unless integrated into an authored section.
distress-tolerance-p009,/learn/distress-tolerance/stop-crisis-survival.html,2 Distress Tolerance.pdf,9,Distress Tolerance,Using the STOP Skill,interactive,true,table,source-extraction-review-needed,review-needed,medium,true,Printed text OCR was normalized and structured from the page image; visual comparison is required before final acceptance.
distress-tolerance-p011,/learn/distress-tolerance/tipp.html,2 Distress Tolerance.pdf,11,Distress Tolerance,Window of Tolerance,informational,false,,verified-extracted-text,draft,high,false,OCR was compared with the high-resolution visual and manually linearized into semantic arousal states.
distress-tolerance-p012,/learn/distress-tolerance/tipp.html,2 Distress Tolerance.pdf,12,Distress Tolerance,Changing Your Body Chemistry with TIPP,informational,false,,lesson-native-context,review-needed,high,true,Embedded searchable PDF text normalized and structured in QMD; repeated publication footer omitted. Visual structure still requires review unless integrated into an authored section. Native wording is integrated into existing stable lesson anchors.
distress-tolerance-p013,/learn/distress-tolerance/tipp.html,2 Distress Tolerance.pdf,13,Distress Tolerance,"Using Cold Water, Step by Step",informational,false,,source-extraction-review-needed,review-needed,medium,true,Embedded searchable PDF text normalized and structured in QMD; repeated publication footer omitted. Visual structure still requires review unless integrated into an authored section.
distress-tolerance-p014,/learn/distress-tolerance/tipp.html,2 Distress Tolerance.pdf,14,Distress Tolerance,"Paired Muscle Relaxation, Step by Step",informational,false,,source-extraction-review-needed,review-needed,medium,true,Embedded searchable PDF text normalized and structured in QMD; repeated publication footer omitted. Visual structure still requires review unless integrated into an authored section.
distress-tolerance-p015,/learn/distress-tolerance/tipp.html,2 Distress Tolerance.pdf,15,Distress Tolerance,Progressive Muscle Relaxation: Nose to Toes,informational,false,,verified-extracted-text,draft,high,false,Low-quality OCR was replaced after visual inspection with a semantic exercise sequence; handwritten numbering was excluded.
distress-tolerance-p016,/learn/distress-tolerance/tipp.html,2 Distress Tolerance.pdf,16,Distress Tolerance,Changing Body Chemistry with TIPP Skills,interactive,true,reflection|date|rating-scale,source-extraction-review-needed,review-needed,medium,true,Embedded searchable PDF text normalized and structured in QMD; repeated publication footer omitted. Visual structure still requires review unless integrated into an authored section.
distress-tolerance-p018,/learn/distress-tolerance/self-soothe.html,2 Distress Tolerance.pdf,18,Distress Tolerance,Distracting with Wise Mind ACCEPTS,informational,false,,lesson-native-context,review-needed,high,true,Embedded searchable PDF text normalized and structured in QMD; repeated publication footer omitted. Visual structure still requires review unless integrated into an authored section. Native wording is integrated into existing stable lesson anchors.
distress-tolerance-p019,/learn/distress-tolerance/self-soothe.html,2 Distress Tolerance.pdf,19,Distress Tolerance,Wise Mind ACCEPTS Overview,informational,false,,source-extraction-review-needed,review-needed,low,true,Printed text OCR was normalized and structured from the page image; visual comparison is required before final acceptance.
distress-tolerance-p020,/learn/distress-tolerance/self-soothe.html,2 Distress Tolerance.pdf,20,Distress Tolerance,Self-Soothing,informational,false,,lesson-native-context,review-needed,high,true,Embedded searchable PDF text normalized and structured in QMD; repeated publication footer omitted. Visual structure still requires review unless integrated into an authored section. Native wording is integrated into existing stable lesson anchors.
distress-tolerance-p021,/learn/distress-tolerance/self-soothe.html,2 Distress Tolerance.pdf,21,Distress Tolerance,Self-Soothing Practice,interactive,true,table,source-extraction-review-needed,review-needed,medium,true,Printed text OCR was normalized and structured from the page image; visual comparison is required before final acceptance.
distress-tolerance-p022,/learn/distress-tolerance/self-soothe.html,2 Distress Tolerance.pdf,22,Distress Tolerance,Distracting with Wise Mind ACCEPTS,interactive,true,date,source-extraction-review-needed,review-needed,medium,true,Embedded searchable PDF text normalized and structured in QMD; repeated publication footer omitted. Visual structure still requires review unless integrated into an authored section.
distress-tolerance-p023,/learn/distress-tolerance/self-soothe.html,2 Distress Tolerance.pdf,23,Distress Tolerance,Creating a Self-Soothing Kit,interactive,true,textarea,source-extraction-review-needed,review-needed,medium,true,Printed text OCR was normalized and structured from the page image; visual comparison is required before final acceptance.
distress-tolerance-p025,/learn/distress-tolerance/improve.html,2 Distress Tolerance.pdf,25,Distress Tolerance,Improving the Moment,informational,false,,lesson-native-context,review-needed,high,true,Embedded searchable PDF text normalized and structured in QMD; repeated publication footer omitted. Visual structure still requires review unless integrated into an authored section. Native wording is integrated into existing stable lesson anchors.
distress-tolerance-p026,/learn/distress-tolerance/improve.html,2 Distress Tolerance.pdf,26,Distress Tolerance,One Thing in the Moment,informational,false,,source-extraction-review-needed,review-needed,low,true,Printed text OCR was normalized and structured from the page image; visual comparison is required before final acceptance.
distress-tolerance-p027,/learn/distress-tolerance/improve.html,2 Distress Tolerance.pdf,27,Distress Tolerance,Peaceful Place Meditation,mixed,true,textarea|reflection,source-extraction-review-needed,review-needed,medium,true,Printed text OCR was normalized and structured from the page image; visual comparison is required before final acceptance.
distress-tolerance-p028,/learn/distress-tolerance/improve.html,2 Distress Tolerance.pdf,28,Distress Tolerance,IMPROVE Practice,interactive,true,reflection,source-extraction-review-needed,review-needed,medium,true,Printed text OCR was normalized and structured from the page image; visual comparison is required before final acceptance.
distress-tolerance-p030,/learn/distress-tolerance/pros-and-cons.html,2 Distress Tolerance.pdf,30,Distress Tolerance,Pros and Cons,informational,false,,source-extraction-review-needed,review-needed,medium,true,Embedded searchable PDF text normalized and structured in QMD; repeated publication footer omitted. Visual structure still requires review unless integrated into an authored section.
distress-tolerance-p031,/learn/distress-tolerance/pros-and-cons.html,2 Distress Tolerance.pdf,31,Distress Tolerance,Pros and Cons: How To,informational,false,,source-extraction-review-needed,review-needed,medium,true,Printed text OCR was normalized and structured from the page image; visual comparison is required before final acceptance.
distress-tolerance-p032,/learn/distress-tolerance/pros-and-cons.html,2 Distress Tolerance.pdf,32,Distress Tolerance,Pros and Cons of Acting on Crisis Urges,mixed,true,reflection|date,source-extraction-review-needed,review-needed,medium,true,Embedded searchable PDF text normalized and structured in QMD; repeated publication footer omitted. Visual structure still requires review unless integrated into an authored section.
distress-tolerance-p033,/learn/distress-tolerance/pros-and-cons.html,2 Distress Tolerance.pdf,33,Distress Tolerance,Pros and Cons Practice,interactive,true,table,source-extraction-review-needed,review-needed,medium,true,Printed text OCR was normalized and structured from the page image; visual comparison is required before final acceptance.
distress-tolerance-p035,/learn/distress-tolerance/radical-acceptance.html,2 Distress Tolerance.pdf,35,Distress Tolerance,Dandelions,informational,false,,source-extraction-review-needed,review-needed,medium,true,Printed text OCR was normalized and structured from the page image; visual comparison is required before final acceptance.
distress-tolerance-p036,/learn/distress-tolerance/radical-acceptance.html,2 Distress Tolerance.pdf,36,Distress Tolerance,Developing the Skill of Radical Acceptance,interactive,true,reflection|text,source-extraction-review-needed,review-needed,medium,true,Printed text OCR was normalized and structured from the page image; visual comparison is required before final acceptance.
distress-tolerance-p037,/learn/distress-tolerance/radical-acceptance.html,2 Distress Tolerance.pdf,37,Distress Tolerance,Radical Acceptance,informational,false,,source-extraction-review-needed,review-needed,medium,true,Embedded searchable PDF text normalized and structured in QMD; repeated publication footer omitted. Visual structure still requires review unless integrated into an authored section.
distress-tolerance-p038,/learn/distress-tolerance/radical-acceptance.html,2 Distress Tolerance.pdf,38,Distress Tolerance,Radical Acceptance: Factors That Interfere,informational,false,,source-extraction-review-needed,review-needed,medium,true,Embedded searchable PDF text normalized and structured in QMD; repeated publication footer omitted. Visual structure still requires review unless integrated into an authored section.
distress-tolerance-p039,/learn/distress-tolerance/radical-acceptance.html,2 Distress Tolerance.pdf,39,Distress Tolerance,Radical Acceptance Quick Reference,informational,false,,source-extraction-review-needed,review-needed,medium,true,Printed text OCR was normalized and structured from the page image; visual comparison is required before final acceptance.
distress-tolerance-p040,/learn/distress-tolerance/radical-acceptance.html,2 Distress Tolerance.pdf,40,Distress Tolerance,Practicing Radical Acceptance Step by Step,informational,false,,source-extraction-review-needed,review-needed,medium,true,Embedded searchable PDF text normalized and structured in QMD; repeated publication footer omitted. Visual structure still requires review unless integrated into an authored section.
distress-tolerance-p041,/learn/distress-tolerance/radical-acceptance.html,2 Distress Tolerance.pdf,41,Distress Tolerance,Half-Smiling and Willing Hands,informational,false,,lesson-native-context,draft,high,false,Embedded searchable PDF text normalized and structured in QMD; repeated publication footer omitted. Visual structure still requires review unless integrated into an authored section. Native wording is integrated into existing stable lesson anchors.
distress-tolerance-p043,/learn/distress-tolerance/radical-acceptance.html,2 Distress Tolerance.pdf,43,Distress Tolerance,How to Solve a Problem,informational,false,,source-extraction-review-needed,review-needed,medium,true,Printed text OCR was normalized and structured from the page image; visual comparison is required before final acceptance.
distress-tolerance-p044,/learn/distress-tolerance/radical-acceptance.html,2 Distress Tolerance.pdf,44,Distress Tolerance,Three Parts of Radical Acceptance,informational,false,,source-extraction-review-needed,review-needed,medium,true,Printed text OCR was normalized and structured from the page image; visual comparison is required before final acceptance.
distress-tolerance-p046,/learn/distress-tolerance/radical-acceptance.html,2 Distress Tolerance.pdf,46,Distress Tolerance,Radical Acceptance Practice,mixed,true,text|repeating-rows|rating-scale|date,source-extraction-review-needed,review-needed,medium,true,Embedded searchable PDF text normalized and structured in QMD; repeated publication footer omitted. Visual structure still requires review unless integrated into an authored section.
distress-tolerance-p047,/learn/distress-tolerance/radical-acceptance.html,2 Distress Tolerance.pdf,47,Distress Tolerance,"Practicing Half-Smiling and Willing Hands, Part 1",informational,false,,source-extraction-review-needed,review-needed,medium,true,Embedded searchable PDF text normalized and structured in QMD; repeated publication footer omitted. Visual structure still requires review unless integrated into an authored section.
distress-tolerance-p048,/learn/distress-tolerance/radical-acceptance.html,2 Distress Tolerance.pdf,48,Distress Tolerance,"Practicing Half-Smiling and Willing Hands, Part 2",informational,false,,source-extraction-review-needed,review-needed,medium,true,Embedded searchable PDF text normalized and structured in QMD; repeated publication footer omitted. Visual structure still requires review unless integrated into an authored section.
emotion-regulation-p003,/learn/emotion-regulation/what-emotions-do.html,6 Emotional Regulation.pdf,3,Emotion Regulation,Basic Functions of Emotions,informational,false,,source-extraction-review-needed,review-needed,medium,true,Printed text OCR was normalized and structured from the page image; visual comparison is required before final acceptance.
emotion-regulation-p004,/learn/emotion-regulation/what-emotions-do.html,6 Emotional Regulation.pdf,4,Emotion Regulation,Goals of Emotion Regulation,informational,false,,source-extraction-review-needed,review-needed,medium,true,Embedded searchable PDF text normalized and structured in QMD; repeated publication footer omitted. Visual structure still requires review unless integrated into an authored section.
emotion-regulation-p005,/learn/emotion-regulation/what-emotions-do.html,6 Emotional Regulation.pdf,5,Emotion Regulation,What Emotions Do for You,informational,false,,source-extraction-review-needed,review-needed,medium,true,Embedded searchable PDF text normalized and structured in QMD; repeated publication footer omitted. Visual structure still requires review unless integrated into an authored section.
emotion-regulation-p006,/learn/emotion-regulation/what-emotions-do.html,6 Emotional Regulation.pdf,6,Emotion Regulation,What Makes It Hard to Regulate Your Emotions,informational,false,,source-extraction-review-needed,review-needed,medium,true,Embedded searchable PDF text normalized and structured in QMD; repeated publication footer omitted. Visual structure still requires review unless integrated into an authored section.
emotion-regulation-p007,/learn/emotion-regulation/what-emotions-do.html,6 Emotional Regulation.pdf,7,Emotion Regulation,Myths About Emotions,mixed,true,table,source-extraction-review-needed,review-needed,medium,true,Embedded searchable PDF text normalized and structured in QMD; repeated publication footer omitted. Visual structure still requires review unless integrated into an authored section.
emotion-regulation-p008,/learn/emotion-regulation/what-emotions-do.html,6 Emotional Regulation.pdf,8,Emotion Regulation,Emotion Diary Example,mixed,true,planning|date,source-extraction-review-needed,review-needed,medium,true,Embedded searchable PDF text normalized and structured in QMD; repeated publication footer omitted. Visual structure still requires review unless integrated into an authored section.
emotion-regulation-p009,/learn/emotion-regulation/what-emotions-do.html,6 Emotional Regulation.pdf,9,Emotion Regulation,Emotion Diary,interactive,true,date|planning,source-extraction-review-needed,review-needed,medium,true,Embedded searchable PDF text normalized and structured in QMD; repeated publication footer omitted. Visual structure still requires review unless integrated into an authored section.
emotion-regulation-p011,/learn/emotion-regulation/observing-describing-emotions.html,6 Emotional Regulation.pdf,11,Emotion Regulation,Learning About Emotions,interactive,true,reflection,source-extraction-review-needed,review-needed,medium,true,Printed text OCR was normalized and structured from the page image; visual comparison is required before final acceptance.
emotion-regulation-p012,/learn/emotion-regulation/observing-describing-emotions.html,6 Emotional Regulation.pdf,12,Emotion Regulation,Model for Describing Emotions,informational,false,,source-extraction-review-needed,review-needed,medium,true,Embedded searchable PDF text normalized and structured in QMD; repeated publication footer omitted. Visual structure still requires review unless integrated into an authored section.
emotion-regulation-p014,/learn/emotion-regulation/observing-describing-emotions.html,6 Emotional Regulation.pdf,14,Emotion Regulation,Ways to Describe Emotions: Anger,informational,false,,lesson-native-context,review-needed,high,true,Embedded searchable PDF text normalized and structured in QMD; repeated publication footer omitted. Visual structure still requires review unless integrated into an authored section. Native wording is integrated into existing stable lesson anchors.
emotion-regulation-p015,/learn/emotion-regulation/observing-describing-emotions.html,6 Emotional Regulation.pdf,15,Emotion Regulation,Ways to Describe Emotions: Disgust,informational,false,,lesson-native-context,review-needed,high,true,Embedded searchable PDF text normalized and structured in QMD; repeated publication footer omitted. Visual structure still requires review unless integrated into an authored section. Native wording is integrated into existing stable lesson anchors.
emotion-regulation-p016,/learn/emotion-regulation/observing-describing-emotions.html,6 Emotional Regulation.pdf,16,Emotion Regulation,Ways to Describe Emotions: Envy,informational,false,,lesson-native-context,review-needed,high,true,Embedded searchable PDF text normalized and structured in QMD; repeated publication footer omitted. Visual structure still requires review unless integrated into an authored section. Native wording is integrated into existing stable lesson anchors.
emotion-regulation-p017,/learn/emotion-regulation/observing-describing-emotions.html,6 Emotional Regulation.pdf,17,Emotion Regulation,Ways to Describe Emotions: Fear,informational,false,,lesson-native-context,review-needed,high,true,Embedded searchable PDF text normalized and structured in QMD; repeated publication footer omitted. Visual structure still requires review unless integrated into an authored section. Native wording is integrated into existing stable lesson anchors.
emotion-regulation-p018,/learn/emotion-regulation/observing-describing-emotions.html,6 Emotional Regulation.pdf,18,Emotion Regulation,Ways to Describe Emotions: Happiness,informational,false,,lesson-native-context,review-needed,high,true,Embedded searchable PDF text normalized and structured in QMD; repeated publication footer omitted. Visual structure still requires review unless integrated into an authored section. Native wording is integrated into existing stable lesson anchors.
emotion-regulation-p019,/learn/emotion-regulation/observing-describing-emotions.html,6 Emotional Regulation.pdf,19,Emotion Regulation,Ways to Describe Emotions: Jealousy,informational,false,,lesson-native-context,review-needed,high,true,Embedded searchable PDF text normalized and structured in QMD; repeated publication footer omitted. Visual structure still requires review unless integrated into an authored section. Native wording is integrated into existing stable lesson anchors.
emotion-regulation-p020,/learn/emotion-regulation/observing-describing-emotions.html,6 Emotional Regulation.pdf,20,Emotion Regulation,Ways to Describe Emotions: Love,informational,false,,lesson-native-context,review-needed,high,true,Embedded searchable PDF text normalized and structured in QMD; repeated publication footer omitted. Visual structure still requires review unless integrated into an authored section. Native wording is integrated into existing stable lesson anchors.
emotion-regulation-p021,/learn/emotion-regulation/observing-describing-emotions.html,6 Emotional Regulation.pdf,21,Emotion Regulation,Ways to Describe Emotions: Sadness,informational,false,,lesson-native-context,review-needed,high,true,Embedded searchable PDF text normalized and structured in QMD; repeated publication footer omitted. Visual structure still requires review unless integrated into an authored section. Native wording is integrated into existing stable lesson anchors.
emotion-regulation-p022,/learn/emotion-regulation/observing-describing-emotions.html,6 Emotional Regulation.pdf,22,Emotion Regulation,Ways to Describe Emotions: Shame,informational,false,,lesson-native-context,review-needed,high,true,Embedded searchable PDF text normalized and structured in QMD; repeated publication footer omitted. Visual structure still requires review unless integrated into an authored section. Native wording is integrated into existing stable lesson anchors.
emotion-regulation-p023,/learn/emotion-regulation/observing-describing-emotions.html,6 Emotional Regulation.pdf,23,Emotion Regulation,Ways to Describe Emotions: Guilt,informational,false,,lesson-native-context,review-needed,high,true,Embedded searchable PDF text normalized and structured in QMD; repeated publication footer omitted. Visual structure still requires review unless integrated into an authored section. Native wording is integrated into existing stable lesson anchors.
emotion-regulation-p024,/learn/emotion-regulation/observing-describing-emotions.html,6 Emotional Regulation.pdf,24,Emotion Regulation,Understanding and Naming Your Emotions,interactive,true,planning|reflection|text|textarea,source-extraction-review-needed,review-needed,medium,true,Printed text OCR was normalized and structured from the page image; visual comparison is required before final acceptance.
emotion-regulation-p025,/learn/emotion-regulation/observing-describing-emotions.html,6 Emotional Regulation.pdf,25,Emotion Regulation,Observing and Describing Emotions,interactive,true,reflection|rating-scale|textarea|date,source-extraction-review-needed,review-needed,medium,true,Embedded searchable PDF text normalized and structured in QMD; repeated publication footer omitted. Visual structure still requires review unless integrated into an authored section.
emotion-regulation-p026,/learn/emotion-regulation/observing-describing-emotions.html,6 Emotional Regulation.pdf,26,Emotion Regulation,The Tangled Ball of Emotions,informational,false,,source-extraction-review-needed,review-needed,medium,true,Printed text OCR was normalized and structured from the page image; visual comparison is required before final acceptance.
emotion-regulation-p027,/learn/emotion-regulation/observing-describing-emotions.html,6 Emotional Regulation.pdf,27,Emotion Regulation,Where Do I Feel Emotions?,informational,false,,source-extraction-review-needed,review-needed,medium,true,Printed text OCR was normalized and structured from the page image; visual comparison is required before final acceptance.
emotion-regulation-p029,/learn/emotion-regulation/check-the-facts.html,6 Emotional Regulation.pdf,29,Emotion Regulation,Fact or Opinion?,interactive,true,reflection,source-extraction-review-needed,review-needed,medium,true,Printed text OCR was normalized and structured from the page image; visual comparison is required before final acceptance.
emotion-regulation-p030,/learn/emotion-regulation/check-the-facts.html,6 Emotional Regulation.pdf,30,Emotion Regulation,"Fact, Opinion, Belief, and Prejudice",informational,false,,source-extraction-review-needed,review-needed,medium,true,Printed text OCR was normalized and structured from the page image; visual comparison is required before final acceptance.
emotion-regulation-p031,/learn/emotion-regulation/check-the-facts.html,6 Emotional Regulation.pdf,31,Emotion Regulation,Changing Emotional Responses,informational,false,,lesson-native-context,review-needed,high,true,Embedded searchable PDF text normalized and structured in QMD; repeated publication footer omitted. Visual structure still requires review unless integrated into an authored section. Native wording is integrated into existing stable lesson anchors.
emotion-regulation-p032,/learn/emotion-regulation/check-the-facts.html,6 Emotional Regulation.pdf,32,Emotion Regulation,Check the Facts,informational,false,,source-extraction-review-needed,review-needed,medium,true,Embedded searchable PDF text normalized and structured in QMD; repeated publication footer omitted. Visual structure still requires review unless integrated into an authored section.
emotion-regulation-p033,/learn/emotion-regulation/check-the-facts.html,6 Emotional Regulation.pdf,33,Emotion Regulation,Examples of Emotions That Fit the Facts,informational,false,,source-extraction-review-needed,review-needed,medium,true,Embedded searchable PDF text normalized and structured in QMD; repeated publication footer omitted. Visual structure still requires review unless integrated into an authored section.
emotion-regulation-p034,/learn/emotion-regulation/check-the-facts.html,6 Emotional Regulation.pdf,34,Emotion Regulation,Check the Facts Practice,interactive,true,reflection|planning|multi-select,source-extraction-review-needed,review-needed,medium,true,Printed text OCR was normalized and structured from the page image; visual comparison is required before final acceptance.
emotion-regulation-p036,/learn/emotion-regulation/opposite-action.html,6 Emotional Regulation.pdf,36,Emotion Regulation,Choosing Problem Solving or Opposite Action,interactive,true,reflection,source-extraction-review-needed,review-needed,medium,true,Printed text OCR was normalized and structured from the page image; visual comparison is required before final acceptance.
emotion-regulation-p037,/learn/emotion-regulation/opposite-action.html,6 Emotional Regulation.pdf,37,Emotion Regulation,Opposite Action and Problem Solving,informational,false,,lesson-native-context,review-needed,high,true,Embedded searchable PDF text normalized and structured in QMD; repeated publication footer omitted. Visual structure still requires review unless integrated into an authored section. Native wording is integrated into existing stable lesson anchors.
emotion-regulation-p038,/learn/emotion-regulation/opposite-action.html,6 Emotional Regulation.pdf,38,Emotion Regulation,Opposite Action,informational,false,,source-extraction-review-needed,review-needed,medium,true,Embedded searchable PDF text normalized and structured in QMD; repeated publication footer omitted. Visual structure still requires review unless integrated into an authored section.
emotion-regulation-p039,/learn/emotion-regulation/opposite-action.html,6 Emotional Regulation.pdf,39,Emotion Regulation,Problem Solving,informational,false,,source-extraction-review-needed,review-needed,medium,true,Embedded searchable PDF text normalized and structured in QMD; repeated publication footer omitted. Visual structure still requires review unless integrated into an authored section.
emotion-regulation-p040,/learn/emotion-regulation/opposite-action.html,6 Emotional Regulation.pdf,40,Emotion Regulation,"Reviewing Opposite Action and Problem Solving, Part 1",informational,false,,source-extraction-review-needed,review-needed,medium,true,Embedded searchable PDF text normalized and structured in QMD; repeated publication footer omitted. Visual structure still requires review unless integrated into an authored section.
emotion-regulation-p041,/learn/emotion-regulation/opposite-action.html,6 Emotional Regulation.pdf,41,Emotion Regulation,"Reviewing Opposite Action and Problem Solving, Part 2",informational,false,,source-extraction-review-needed,review-needed,medium,true,Embedded searchable PDF text normalized and structured in QMD; repeated publication footer omitted. Visual structure still requires review unless integrated into an authored section.
emotion-regulation-p042,/learn/emotion-regulation/opposite-action.html,6 Emotional Regulation.pdf,42,Emotion Regulation,"Reviewing Opposite Action and Problem Solving, Part 3",informational,false,,source-extraction-review-needed,review-needed,medium,true,Embedded searchable PDF text normalized and structured in QMD; repeated publication footer omitted. Visual structure still requires review unless integrated into an authored section.
emotion-regulation-p043,/learn/emotion-regulation/opposite-action.html,6 Emotional Regulation.pdf,43,Emotion Regulation,Opposite Action Elevator Example,informational,false,,source-extraction-review-needed,review-needed,medium,true,Printed text OCR was normalized and structured from the page image; visual comparison is required before final acceptance.
emotion-regulation-p044,/learn/emotion-regulation/opposite-action.html,6 Emotional Regulation.pdf,44,Emotion Regulation,Opposite Action for Fear,informational,false,,lesson-native-context,review-needed,high,true,Embedded searchable PDF text normalized and structured in QMD; repeated publication footer omitted. Visual structure still requires review unless integrated into an authored section. Native wording is integrated into existing stable lesson anchors.
emotion-regulation-p045,/learn/emotion-regulation/opposite-action.html,6 Emotional Regulation.pdf,45,Emotion Regulation,Opposite Action for Anger,informational,false,,lesson-native-context,review-needed,high,true,Embedded searchable PDF text normalized and structured in QMD; repeated publication footer omitted. Visual structure still requires review unless integrated into an authored section. Native wording is integrated into existing stable lesson anchors.
emotion-regulation-p046,/learn/emotion-regulation/opposite-action.html,6 Emotional Regulation.pdf,46,Emotion Regulation,Opposite Action for Disgust,informational,false,,lesson-native-context,review-needed,high,true,Embedded searchable PDF text normalized and structured in QMD; repeated publication footer omitted. Visual structure still requires review unless integrated into an authored section. Native wording is integrated into existing stable lesson anchors.
emotion-regulation-p047,/learn/emotion-regulation/opposite-action.html,6 Emotional Regulation.pdf,47,Emotion Regulation,Opposite Action for Envy,informational,false,,lesson-native-context,review-needed,high,true,Embedded searchable PDF text normalized and structured in QMD; repeated publication footer omitted. Visual structure still requires review unless integrated into an authored section. Native wording is integrated into existing stable lesson anchors.
emotion-regulation-p048,/learn/emotion-regulation/opposite-action.html,6 Emotional Regulation.pdf,48,Emotion Regulation,Opposite Action for Jealousy,informational,false,,lesson-native-context,review-needed,high,true,Embedded searchable PDF text normalized and structured in QMD; repeated publication footer omitted. Visual structure still requires review unless integrated into an authored section. Native wording is integrated into existing stable lesson anchors.
emotion-regulation-p049,/learn/emotion-regulation/opposite-action.html,6 Emotional Regulation.pdf,49,Emotion Regulation,Opposite Action for Love,informational,false,,lesson-native-context,review-needed,high,true,Embedded searchable PDF text normalized and structured in QMD; repeated publication footer omitted. Visual structure still requires review unless integrated into an authored section. Native wording is integrated into existing stable lesson anchors.
emotion-regulation-p050,/learn/emotion-regulation/opposite-action.html,6 Emotional Regulation.pdf,50,Emotion Regulation,Opposite Action for Sadness,informational,false,,lesson-native-context,review-needed,high,true,Embedded searchable PDF text normalized and structured in QMD; repeated publication footer omitted. Visual structure still requires review unless integrated into an authored section. Native wording is integrated into existing stable lesson anchors.
emotion-regulation-p051,/learn/emotion-regulation/opposite-action.html,6 Emotional Regulation.pdf,51,Emotion Regulation,Opposite Action for Shame,informational,false,,lesson-native-context,review-needed,high,true,Embedded searchable PDF text normalized and structured in QMD; repeated publication footer omitted. Visual structure still requires review unless integrated into an authored section. Native wording is integrated into existing stable lesson anchors.
emotion-regulation-p052,/learn/emotion-regulation/opposite-action.html,6 Emotional Regulation.pdf,52,Emotion Regulation,Opposite Action for Guilt,informational,false,,lesson-native-context,review-needed,high,true,Embedded searchable PDF text normalized and structured in QMD; repeated publication footer omitted. Visual structure still requires review unless integrated into an authored section. Native wording is integrated into existing stable lesson anchors.
emotion-regulation-p053,/learn/emotion-regulation/opposite-action.html,6 Emotional Regulation.pdf,53,Emotion Regulation,Opposite Action to Change Emotions,interactive,true,rating-scale|multi-select|reflection|date,source-extraction-review-needed,review-needed,medium,true,Embedded searchable PDF text normalized and structured in QMD; repeated publication footer omitted. Visual structure still requires review unless integrated into an authored section.
emotion-regulation-p054,/learn/emotion-regulation/opposite-action.html,6 Emotional Regulation.pdf,54,Emotion Regulation,"Problem Solving Worksheet, Part 1",mixed,true,reflection|multi-select|repeating-rows|date|rating-scale,source-extraction-review-needed,review-needed,medium,true,Embedded searchable PDF text normalized and structured in QMD; repeated publication footer omitted. Visual structure still requires review unless integrated into an authored section.
emotion-regulation-p055,/learn/emotion-regulation/opposite-action.html,6 Emotional Regulation.pdf,55,Emotion Regulation,"Problem Solving Worksheet, Part 2",mixed,true,planning|multi-select|reflection,source-extraction-review-needed,review-needed,medium,true,Embedded searchable PDF text normalized and structured in QMD; repeated publication footer omitted. Visual structure still requires review unless integrated into an authored section.
emotion-regulation-p057,/learn/emotion-regulation/abc-please.html,6 Emotional Regulation.pdf,57,Emotion Regulation,ABC PLEASE Overview,informational,false,,lesson-native-context,review-needed,high,true,Embedded searchable PDF text normalized and structured in QMD; repeated publication footer omitted. Visual structure still requires review unless integrated into an authored section. Native wording is integrated into existing stable lesson anchors.
emotion-regulation-p058,/learn/emotion-regulation/abc-please.html,6 Emotional Regulation.pdf,58,Emotion Regulation,Accumulating Positive Emotions: Short Term,informational,false,,source-extraction-review-needed,review-needed,medium,true,Embedded searchable PDF text normalized and structured in QMD; repeated publication footer omitted. Visual structure still requires review unless integrated into an authored section.
emotion-regulation-p059,/learn/emotion-regulation/abc-please.html,6 Emotional Regulation.pdf,59,Emotion Regulation,"Pleasant Events List, Part 1",informational,false,,source-extraction-review-needed,review-needed,medium,true,Embedded searchable PDF text normalized and structured in QMD; repeated publication footer omitted. Visual structure still requires review unless integrated into an authored section.
emotion-regulation-p060,/learn/emotion-regulation/abc-please.html,6 Emotional Regulation.pdf,60,Emotion Regulation,"Pleasant Events List, Part 2",informational,false,,source-extraction-review-needed,review-needed,medium,true,Embedded searchable PDF text normalized and structured in QMD; repeated publication footer omitted. Visual structure still requires review unless integrated into an authored section.
emotion-regulation-p061,/learn/emotion-regulation/abc-please.html,6 Emotional Regulation.pdf,61,Emotion Regulation,"Pleasant Events List, Part 3",informational,false,,source-extraction-review-needed,review-needed,medium,true,Embedded searchable PDF text normalized and structured in QMD; repeated publication footer omitted. Visual structure still requires review unless integrated into an authored section.
emotion-regulation-p062,/learn/emotion-regulation/abc-please.html,6 Emotional Regulation.pdf,62,Emotion Regulation,Accumulating Positive Emotions: Long Term,informational,false,,source-extraction-review-needed,review-needed,medium,true,Embedded searchable PDF text normalized and structured in QMD; repeated publication footer omitted. Visual structure still requires review unless integrated into an authored section.
emotion-regulation-p063,/learn/emotion-regulation/abc-please.html,6 Emotional Regulation.pdf,63,Emotion Regulation,"Values and Priorities List, Part 1",informational,false,,source-extraction-review-needed,review-needed,medium,true,Embedded searchable PDF text normalized and structured in QMD; repeated publication footer omitted. Visual structure still requires review unless integrated into an authored section.
emotion-regulation-p064,/learn/emotion-regulation/abc-please.html,6 Emotional Regulation.pdf,64,Emotion Regulation,"Values and Priorities List, Part 2",informational,false,,source-extraction-review-needed,review-needed,medium,true,Embedded searchable PDF text normalized and structured in QMD; repeated publication footer omitted. Visual structure still requires review unless integrated into an authored section.
emotion-regulation-p065,/learn/emotion-regulation/abc-please.html,6 Emotional Regulation.pdf,65,Emotion Regulation,"Values and Priorities List, Part 3",informational,false,,source-extraction-review-needed,review-needed,medium,true,Embedded searchable PDF text normalized and structured in QMD; repeated publication footer omitted. Visual structure still requires review unless integrated into an authored section.
emotion-regulation-p066,/learn/emotion-regulation/abc-please.html,6 Emotional Regulation.pdf,66,Emotion Regulation,Building Positive Experiences Now,interactive,true,table,source-extraction-review-needed,review-needed,medium,true,Printed text OCR was normalized and structured from the page image; visual comparison is required before final acceptance.
emotion-regulation-p067,/learn/emotion-regulation/abc-please.html,6 Emotional Regulation.pdf,67,Emotion Regulation,Daily Pleasant Moments Record,interactive,true,table,source-extraction-review-needed,review-needed,medium,true,Printed text OCR was normalized and structured from the page image; visual comparison is required before final acceptance.
emotion-regulation-p068,/learn/emotion-regulation/abc-please.html,6 Emotional Regulation.pdf,68,Emotion Regulation,"Accumulating Positive Emotions: Long Term Worksheet, Part 1",interactive,true,repeating-rows|text|reflection|planning,source-extraction-review-needed,review-needed,medium,true,Printed text OCR was normalized and structured from the page image; visual comparison is required before final acceptance.
emotion-regulation-p069,/learn/emotion-regulation/abc-please.html,6 Emotional Regulation.pdf,69,Emotion Regulation,"Accumulating Positive Emotions: Long Term Worksheet, Part 2",interactive,true,planning,source-extraction-review-needed,review-needed,medium,true,Printed text OCR was normalized and structured from the page image; visual comparison is required before final acceptance.
emotion-regulation-p071,/learn/emotion-regulation/positive-emotions-mastery-cope-ahead.html,6 Emotional Regulation.pdf,71,Emotion Regulation,Building Mastery,informational,false,,source-extraction-review-needed,review-needed,medium,true,Printed text OCR was normalized and structured from the page image; visual comparison is required before final acceptance.
emotion-regulation-p072,/learn/emotion-regulation/positive-emotions-mastery-cope-ahead.html,6 Emotional Regulation.pdf,72,Emotion Regulation,Changing Emotional Responses with Cope Ahead,informational,false,,source-extraction-review-needed,review-needed,medium,true,Printed text OCR was normalized and structured from the page image; visual comparison is required before final acceptance.
emotion-regulation-p073,/learn/emotion-regulation/positive-emotions-mastery-cope-ahead.html,6 Emotional Regulation.pdf,73,Emotion Regulation,How to Cope Ahead,informational,false,,source-extraction-review-needed,review-needed,medium,true,Printed text OCR was normalized and structured from the page image; visual comparison is required before final acceptance.
emotion-regulation-p074,/learn/emotion-regulation/positive-emotions-mastery-cope-ahead.html,6 Emotional Regulation.pdf,74,Emotion Regulation,Mind Mapping and Mastery,informational,false,,source-extraction-review-needed,review-needed,medium,true,Printed text OCR was normalized and structured from the page image; visual comparison is required before final acceptance.
emotion-regulation-p075,/learn/emotion-regulation/positive-emotions-mastery-cope-ahead.html,6 Emotional Regulation.pdf,75,Emotion Regulation,Mastery Mind Map,informational,false,,source-extraction-insufficient,review-needed,low,true,Printed text OCR was normalized and structured from the page image; visual comparison is required before final acceptance.
emotion-regulation-p076,/learn/emotion-regulation/positive-emotions-mastery-cope-ahead.html,6 Emotional Regulation.pdf,76,Emotion Regulation,Cope Ahead Worksheet,interactive,true,multi-select|text,source-extraction-review-needed,review-needed,medium,true,Printed text OCR was normalized and structured from the page image; visual comparison is required before final acceptance.
emotion-regulation-p077,/learn/emotion-regulation/positive-emotions-mastery-cope-ahead.html,6 Emotional Regulation.pdf,77,Emotion Regulation,"Cope Ahead for the Holidays, Part 1",interactive,true,text,source-extraction-review-needed,review-needed,medium,true,Printed text OCR was normalized and structured from the page image; visual comparison is required before final acceptance.
emotion-regulation-p078,/learn/emotion-regulation/positive-emotions-mastery-cope-ahead.html,6 Emotional Regulation.pdf,78,Emotion Regulation,"Cope Ahead for the Holidays, Part 2",informational,false,,source-extraction-review-needed,review-needed,medium,true,Printed text OCR was normalized and structured from the page image; visual comparison is required before final acceptance.
general-p002,/learn/goal-setting/goal-setting-guidelines.html,0 general handouts and skills to turn to app.pdf,2,General Skills,Skills & Strengths List,informational,false,,source-extraction-review-needed,review-needed,medium,true,Printed text OCR was normalized and structured from the page image; visual comparison is required before final acceptance.
general-p003,/tool-finder/index.html,0 general handouts and skills to turn to app.pdf,3,General Skills,Skills Overview,informational,false,,source-extraction-review-needed,review-needed,medium,true,Printed text OCR was normalized and structured from the page image; visual comparison is required before final acceptance.
general-p004,/tool-finder/index.html,0 general handouts and skills to turn to app.pdf,4,General Skills,Emotional Overload & Emotional Numbness Skills Guide,informational,false,,source-extraction-review-needed,review-needed,medium,true,Printed text OCR was normalized and structured from the page image; visual comparison is required before final acceptance.
general-p005,/tool-finder/index.html,0 general handouts and skills to turn to app.pdf,5,General Skills,Skills Use Guideline,informational,false,,source-extraction-review-needed,review-needed,medium,true,Printed text OCR was normalized and structured from the page image; visual comparison is required before final acceptance.
general-p006,/tool-finder/index.html,0 general handouts and skills to turn to app.pdf,6,General Skills,Dialectics: Acceptance and Change,informational,false,,source-extraction-review-needed,review-needed,medium,true,Printed text OCR was normalized and structured from the page image; visual comparison is required before final acceptance.
goal-setting-p002,/learn/goal-setting/goal-setting-guidelines.html,1 goal setting and tracking.pdf,2,Goal Setting & Tracking,Case Map,mixed,true,repeating-rows|text|reflection|time,lesson-native-context,draft,high,false,Printed text OCR was normalized and structured from the page image; visual comparison is required before final acceptance. Native wording is integrated into existing stable lesson anchors.
goal-setting-p003,/learn/goal-setting/goal-setting-guidelines.html,1 goal setting and tracking.pdf,3,Goal Setting & Tracking,Goal Setting Guidelines,informational,false,,lesson-native-context,review-needed,high,true,Printed text OCR was normalized and structured from the page image; visual comparison is required before final acceptance. Native wording is integrated into existing stable lesson anchors.
goal-setting-p004,/learn/goal-setting/goal-setting-guidelines.html,1 goal setting and tracking.pdf,4,Goal Setting & Tracking,SMART Goal Setting,informational,false,,lesson-native-context,review-needed,high,true,Printed text OCR was normalized and structured from the page image; visual comparison is required before final acceptance. Native wording is integrated into existing stable lesson anchors.
goal-setting-p005,/learn/goal-setting/weekly-goals-home-practice.html,1 goal setting and tracking.pdf,5,Goal Setting & Tracking,Daily Goal Worksheet: Monday to Wednesday,interactive,true,reflection|table,lesson-native-context,draft,high,false,Printed text OCR was normalized and structured from the page image; visual comparison is required before final acceptance. Native wording is integrated into existing stable lesson anchors.
goal-setting-p006,/learn/goal-setting/weekly-goals-home-practice.html,1 goal setting and tracking.pdf,6,Goal Setting & Tracking,Daily Goal Worksheet: Thursday to Sunday,interactive,true,reflection|table,lesson-native-context,draft,high,false,Printed text OCR was normalized and structured from the page image; visual comparison is required before final acceptance. Native wording is integrated into existing stable lesson anchors.
goal-setting-p007,/learn/goal-setting/daily-tracking.html,1 goal setting and tracking.pdf,7,Goal Setting & Tracking,Weekly Home Practice Tracker,mixed,true,table|reflection|planning,lesson-native-context,draft,high,false,Printed text OCR was normalized and structured from the page image; visual comparison is required before final acceptance. Native wording is integrated into existing stable lesson anchors.
goal-setting-p008,/learn/goal-setting/daily-tracking.html,1 goal setting and tracking.pdf,8,Goal Setting & Tracking,Weekly Food Diary,mixed,true,table|reflection|planning,lesson-native-context,draft,high,false,Printed text OCR was normalized and structured from the page image; visual comparison is required before final acceptance. Native wording is integrated into existing stable lesson anchors.
goal-setting-p010,/learn/goal-setting/daily-tracking.html,1 goal setting and tracking.pdf,10,Goal Setting & Tracking,Monthly Habit Tracker,mixed,true,table|reflection|planning,lesson-native-context,draft,high,false,Printed text OCR was normalized and structured from the page image; visual comparison is required before final acceptance. Native wording is integrated into existing stable lesson anchors.
goal-setting-p033,/learn/goal-setting/daily-tracking.html,1 goal setting and tracking.pdf,33,Goal Setting & Tracking,Daily Mood Tracker,mixed,true,table|reflection|planning,lesson-native-context,draft,high,false,Printed text OCR was normalized and structured from the page image; visual comparison is required before final acceptance. Native wording is integrated into existing stable lesson anchors.
goal-setting-p034,/learn/goal-setting/daily-tracking.html,1 goal setting and tracking.pdf,34,Goal Setting & Tracking,Skills and Wellness Diary Card,mixed,true,table|reflection|planning,lesson-native-context,draft,high,false,Printed text OCR was normalized and structured from the page image; visual comparison is required before final acceptance. Native wording is integrated into existing stable lesson anchors.
interpersonal-effectiveness-p003,/learn/interpersonal-effectiveness/boundaries.html,4 Distress Tolerance.pdf,3,Interpersonal Effectiveness,Understanding Boundaries,informational,false,,lesson-native-context,review-needed,high,true,Printed text OCR was normalized and structured from the page image; visual comparison is required before final acceptance. Native wording is integrated into existing stable lesson anchors.
interpersonal-effectiveness-p004,/learn/interpersonal-effectiveness/boundaries.html,4 Distress Tolerance.pdf,4,Interpersonal Effectiveness,Identifying Your Boundaries,interactive,true,reflection|text|textarea,source-extraction-review-needed,review-needed,medium,true,Printed text OCR was normalized and structured from the page image; visual comparison is required before final acceptance.
interpersonal-effectiveness-p005,/learn/interpersonal-effectiveness/boundaries.html,4 Distress Tolerance.pdf,5,Interpersonal Effectiveness,Characteristics of Healthy Relationships,informational,false,,source-extraction-review-needed,review-needed,medium,true,Printed text OCR was normalized and structured from the page image; visual comparison is required before final acceptance.
interpersonal-effectiveness-p006,/learn/interpersonal-effectiveness/boundaries.html,4 Distress Tolerance.pdf,6,Interpersonal Effectiveness,Identifying My Personal Boundaries,interactive,true,table|reflection,source-extraction-review-needed,review-needed,medium,true,Printed text OCR was normalized and structured from the page image; visual comparison is required before final acceptance.
interpersonal-effectiveness-p007,/learn/interpersonal-effectiveness/boundaries.html,4 Distress Tolerance.pdf,7,Interpersonal Effectiveness,Understanding My Boundaries,interactive,true,reflection,source-extraction-review-needed,review-needed,medium,true,Printed text OCR was normalized and structured from the page image; visual comparison is required before final acceptance.
interpersonal-effectiveness-p009,/learn/interpersonal-effectiveness/clarifying-priorities.html,4 Distress Tolerance.pdf,9,Interpersonal Effectiveness,Factors in the Way of Interpersonal Effectiveness,informational,false,,source-extraction-review-needed,review-needed,medium,true,Embedded searchable PDF text normalized and structured in QMD; repeated publication footer omitted. Visual structure still requires review unless integrated into an authored section.
interpersonal-effectiveness-p010,/learn/interpersonal-effectiveness/clarifying-priorities.html,4 Distress Tolerance.pdf,10,Interpersonal Effectiveness,Myths in the Way of Interpersonal Effectiveness,informational,false,,source-extraction-review-needed,review-needed,medium,true,Embedded searchable PDF text normalized and structured in QMD; repeated publication footer omitted. Visual structure still requires review unless integrated into an authored section.
interpersonal-effectiveness-p011,/learn/interpersonal-effectiveness/clarifying-priorities.html,4 Distress Tolerance.pdf,11,Interpersonal Effectiveness,Challenging Myths: Objectives Effectiveness,mixed,true,date,source-extraction-review-needed,review-needed,medium,true,Embedded searchable PDF text normalized and structured in QMD; repeated publication footer omitted. Visual structure still requires review unless integrated into an authored section.
interpersonal-effectiveness-p012,/learn/interpersonal-effectiveness/clarifying-priorities.html,4 Distress Tolerance.pdf,12,Interpersonal Effectiveness,Challenging Myths: Relationship and Self-Respect,mixed,true,table,source-extraction-review-needed,review-needed,medium,true,Embedded searchable PDF text normalized and structured in QMD; repeated publication footer omitted. Visual structure still requires review unless integrated into an authored section.
interpersonal-effectiveness-p013,/learn/interpersonal-effectiveness/clarifying-priorities.html,4 Distress Tolerance.pdf,13,Interpersonal Effectiveness,Obtaining Objectives Skillfully,informational,false,,source-extraction-review-needed,review-needed,medium,true,Embedded searchable PDF text normalized and structured in QMD; repeated publication footer omitted. Visual structure still requires review unless integrated into an authored section.
interpersonal-effectiveness-p014,/learn/interpersonal-effectiveness/clarifying-priorities.html,4 Distress Tolerance.pdf,14,Interpersonal Effectiveness,Clarifying Goals in Interpersonal Situations,informational,false,,lesson-native-context,review-needed,high,true,Embedded searchable PDF text normalized and structured in QMD; repeated publication footer omitted. Visual structure still requires review unless integrated into an authored section. Native wording is integrated into existing stable lesson anchors.
interpersonal-effectiveness-p015,/learn/interpersonal-effectiveness/clarifying-priorities.html,4 Distress Tolerance.pdf,15,Interpersonal Effectiveness,Clarifying Priorities in Interpersonal Situations,interactive,true,planning|reflection,lesson-native-context,draft,high,false,Embedded searchable PDF text normalized and structured in QMD; repeated publication footer omitted. Visual structure still requires review unless integrated into an authored section. Native wording is integrated into existing stable lesson anchors.
interpersonal-effectiveness-p017,/learn/interpersonal-effectiveness/dear-man.html,4 Distress Tolerance.pdf,17,Interpersonal Effectiveness,"Guidelines for Objectives Effectiveness: DEAR MAN, Part 1",informational,false,,lesson-native-context,review-needed,high,true,Embedded searchable PDF text normalized and structured in QMD; repeated publication footer omitted. Visual structure still requires review unless integrated into an authored section. Native wording is integrated into existing stable lesson anchors.
interpersonal-effectiveness-p018,/learn/interpersonal-effectiveness/dear-man.html,4 Distress Tolerance.pdf,18,Interpersonal Effectiveness,"Guidelines for Objectives Effectiveness: DEAR MAN, Part 2",informational,false,,lesson-native-context,review-needed,high,true,Embedded searchable PDF text normalized and structured in QMD; repeated publication footer omitted. Visual structure still requires review unless integrated into an authored section. Native wording is integrated into existing stable lesson anchors.
interpersonal-effectiveness-p019,/learn/interpersonal-effectiveness/dear-man.html,4 Distress Tolerance.pdf,19,Interpersonal Effectiveness,Applying DEAR MAN Skills to a Difficult Interaction,informational,false,,source-extraction-review-needed,review-needed,medium,true,Embedded searchable PDF text normalized and structured in QMD; repeated publication footer omitted. Visual structure still requires review unless integrated into an authored section.
interpersonal-effectiveness-p020,/learn/interpersonal-effectiveness/dear-man.html,4 Distress Tolerance.pdf,20,Interpersonal Effectiveness,DEAR MAN Script,interactive,true,table,source-extraction-review-needed,review-needed,medium,true,Printed text OCR was normalized and structured from the page image; visual comparison is required before final acceptance.
interpersonal-effectiveness-p022,/learn/interpersonal-effectiveness/give.html,4 Distress Tolerance.pdf,22,Interpersonal Effectiveness,Finding and Maintaining Relationships,interactive,true,reflection,source-extraction-review-needed,review-needed,medium,true,Printed text OCR was normalized and structured from the page image; visual comparison is required before final acceptance.
interpersonal-effectiveness-p023,/learn/interpersonal-effectiveness/give.html,4 Distress Tolerance.pdf,23,Interpersonal Effectiveness,Guidelines for Relationship Effectiveness: GIVE,informational,false,,lesson-native-context,review-needed,high,true,Embedded searchable PDF text normalized and structured in QMD; repeated publication footer omitted. Visual structure still requires review unless integrated into an authored section. Native wording is integrated into existing stable lesson anchors.
interpersonal-effectiveness-p024,/learn/interpersonal-effectiveness/give.html,4 Distress Tolerance.pdf,24,Interpersonal Effectiveness,Levels of Validation,informational,false,,source-extraction-review-needed,review-needed,medium,true,Embedded searchable PDF text normalized and structured in QMD; repeated publication footer omitted. Visual structure still requires review unless integrated into an authored section.
interpersonal-effectiveness-p025,/learn/interpersonal-effectiveness/give.html,4 Distress Tolerance.pdf,25,Interpersonal Effectiveness,A Few Words About Validation,informational,false,,source-extraction-review-needed,review-needed,medium,true,Printed text OCR was normalized and structured from the page image; visual comparison is required before final acceptance.
interpersonal-effectiveness-p026,/learn/interpersonal-effectiveness/give.html,4 Distress Tolerance.pdf,26,Interpersonal Effectiveness,Validation Expressions,informational,false,,source-extraction-review-needed,review-needed,medium,true,Printed text OCR was normalized and structured from the page image; visual comparison is required before final acceptance.
interpersonal-effectiveness-p027,/learn/interpersonal-effectiveness/give.html,4 Distress Tolerance.pdf,27,Interpersonal Effectiveness,The Four Horsemen and Their Antidotes,informational,false,,source-extraction-review-needed,review-needed,medium,true,Printed text OCR was normalized and structured from the page image; visual comparison is required before final acceptance.
interpersonal-effectiveness-p028,/learn/interpersonal-effectiveness/give.html,4 Distress Tolerance.pdf,28,Interpersonal Effectiveness,DEAR + GIVE Script,interactive,true,reflection,source-extraction-review-needed,review-needed,medium,true,Printed text OCR was normalized and structured from the page image; visual comparison is required before final acceptance.
interpersonal-effectiveness-p031,/learn/interpersonal-effectiveness/fast.html,4 Distress Tolerance.pdf,31,Interpersonal Effectiveness,Self-Respect Effectiveness Reflection,interactive,true,reflection|repeating-rows,source-extraction-review-needed,review-needed,medium,true,Printed text OCR was normalized and structured from the page image; visual comparison is required before final acceptance.
interpersonal-effectiveness-p032,/learn/interpersonal-effectiveness/fast.html,4 Distress Tolerance.pdf,32,Interpersonal Effectiveness,A Bill of Assertive Rights,informational,false,,source-extraction-review-needed,review-needed,medium,true,Printed text OCR was normalized and structured from the page image; visual comparison is required before final acceptance.
interpersonal-effectiveness-p033,/learn/interpersonal-effectiveness/fast.html,4 Distress Tolerance.pdf,33,Interpersonal Effectiveness,Guidelines for Self-Respect Effectiveness: FAST,informational,false,,lesson-native-context,review-needed,high,true,Embedded searchable PDF text normalized and structured in QMD; repeated publication footer omitted. Visual structure still requires review unless integrated into an authored section. Native wording is integrated into existing stable lesson anchors.
interpersonal-effectiveness-p034,/learn/interpersonal-effectiveness/fast.html,4 Distress Tolerance.pdf,34,Interpersonal Effectiveness,Apologizing Effectively,informational,false,,source-extraction-review-needed,review-needed,low,true,Printed text OCR was normalized and structured from the page image; visual comparison is required before final acceptance.
interpersonal-effectiveness-p035,/learn/interpersonal-effectiveness/fast.html,4 Distress Tolerance.pdf,35,Interpersonal Effectiveness,DEAR + FAST Script,interactive,true,reflection,source-extraction-review-needed,review-needed,medium,true,Printed text OCR was normalized and structured from the page image; visual comparison is required before final acceptance.
interpersonal-effectiveness-p037,/learn/interpersonal-effectiveness/saying-no.html,4 Distress Tolerance.pdf,37,Interpersonal Effectiveness,"How Intensely to Ask or Say No, Part 1",informational,false,,lesson-native-context,review-needed,high,true,Embedded searchable PDF text normalized and structured in QMD; repeated publication footer omitted. Visual structure still requires review unless integrated into an authored section. Native wording is integrated into existing stable lesson anchors.
interpersonal-effectiveness-p038,/learn/interpersonal-effectiveness/saying-no.html,4 Distress Tolerance.pdf,38,Interpersonal Effectiveness,"How Intensely to Ask or Say No, Part 2",informational,false,,lesson-native-context,review-needed,high,true,Embedded searchable PDF text normalized and structured in QMD; repeated publication footer omitted. Visual structure still requires review unless integrated into an authored section. Native wording is integrated into existing stable lesson anchors.
interpersonal-effectiveness-p039,/learn/interpersonal-effectiveness/saying-no.html,4 Distress Tolerance.pdf,39,Interpersonal Effectiveness,"How Intensely to Ask or Say No, Part 3",informational,false,,lesson-native-context,review-needed,high,true,Embedded searchable PDF text normalized and structured in QMD; repeated publication footer omitted. Visual structure still requires review unless integrated into an authored section. Native wording is integrated into existing stable lesson anchors.
interpersonal-effectiveness-p040,/learn/interpersonal-effectiveness/saying-no.html,4 Distress Tolerance.pdf,40,Interpersonal Effectiveness,"Troubleshooting Interpersonal Effectiveness, Part 1",informational,false,,source-extraction-review-needed,review-needed,medium,true,Embedded searchable PDF text normalized and structured in QMD; repeated publication footer omitted. Visual structure still requires review unless integrated into an authored section.
interpersonal-effectiveness-p041,/learn/interpersonal-effectiveness/saying-no.html,4 Distress Tolerance.pdf,41,Interpersonal Effectiveness,"Troubleshooting Interpersonal Effectiveness, Part 2",informational,false,,source-extraction-review-needed,review-needed,medium,true,Embedded searchable PDF text normalized and structured in QMD; repeated publication footer omitted. Visual structure still requires review unless integrated into an authored section.
interpersonal-effectiveness-p042,/learn/interpersonal-effectiveness/saying-no.html,4 Distress Tolerance.pdf,42,Interpersonal Effectiveness,"Troubleshooting Interpersonal Effectiveness Skills, Part 1",mixed,true,reflection|planning|textarea|date,source-extraction-review-needed,review-needed,medium,true,Embedded searchable PDF text normalized and structured in QMD; repeated publication footer omitted. Visual structure still requires review unless integrated into an authored section.
interpersonal-effectiveness-p043,/learn/interpersonal-effectiveness/saying-no.html,4 Distress Tolerance.pdf,43,Interpersonal Effectiveness,"Troubleshooting Interpersonal Effectiveness Skills, Part 2",mixed,true,reflection|planning|textarea|multi-select,source-extraction-review-needed,review-needed,medium,true,Embedded searchable PDF text normalized and structured in QMD; repeated publication footer omitted. Visual structure still requires review unless integrated into an authored section.
interpersonal-effectiveness-p044,/learn/interpersonal-effectiveness/saying-no.html,4 Distress Tolerance.pdf,44,Interpersonal Effectiveness,Dialectics: Acceptance and Change,informational,false,,source-extraction-review-needed,review-needed,medium,true,Printed text OCR was normalized and structured from the page image; visual comparison is required before final acceptance.
interpersonal-effectiveness-p045,/learn/interpersonal-effectiveness/saying-no.html,4 Distress Tolerance.pdf,45,Interpersonal Effectiveness,Walking the Middle Path,informational,false,,source-extraction-review-needed,review-needed,medium,true,Embedded searchable PDF text normalized and structured in QMD; repeated publication footer omitted. Visual structure still requires review unless integrated into an authored section.
interpersonal-effectiveness-p046,/learn/interpersonal-effectiveness/saying-no.html,4 Distress Tolerance.pdf,46,Interpersonal Effectiveness,Identifying Mindfulness of Others,mixed,true,table,source-extraction-review-needed,review-needed,medium,true,Embedded searchable PDF text normalized and structured in QMD; repeated publication footer omitted. Visual structure still requires review unless integrated into an authored section.
interpersonal-effectiveness-p047,/learn/interpersonal-effectiveness/saying-no.html,4 Distress Tolerance.pdf,47,Interpersonal Effectiveness,Opposite Sides That Can Both Be True,mixed,true,table,source-extraction-review-needed,review-needed,medium,true,Embedded searchable PDF text normalized and structured in QMD; repeated publication footer omitted. Visual structure still requires review unless integrated into an authored section.
interpersonal-effectiveness-p048,/learn/interpersonal-effectiveness/saying-no.html,4 Distress Tolerance.pdf,48,Interpersonal Effectiveness,Important Opposites to Balance,interactive,true,table,source-extraction-review-needed,review-needed,medium,true,Embedded searchable PDF text normalized and structured in QMD; repeated publication footer omitted. Visual structure still requires review unless integrated into an authored section.
interpersonal-effectiveness-p049,/learn/interpersonal-effectiveness/saying-no.html,4 Distress Tolerance.pdf,49,Interpersonal Effectiveness,Identifying Dialectics,mixed,true,table,source-extraction-review-needed,review-needed,medium,true,Embedded searchable PDF text normalized and structured in QMD; repeated publication footer omitted. Visual structure still requires review unless integrated into an authored section.
wellness-p002,/learn/wellness/sleep.html,5 Wellness.pdf,2,Wellness,Taking Care of Your Mind by Taking Care of Your Body,informational,false,,lesson-native-context,review-needed,high,true,Embedded searchable PDF text normalized and structured in QMD; repeated publication footer omitted. Visual structure still requires review unless integrated into an authored section. Native wording is integrated into existing stable lesson anchors.
wellness-p004,/learn/wellness/sleep.html,5 Wellness.pdf,4,Wellness,Exploring Sleep,interactive,true,textarea|reflection|repeating-rows,source-extraction-review-needed,review-needed,medium,true,Printed text OCR was normalized and structured from the page image; visual comparison is required before final acceptance.
wellness-p005,/learn/wellness/sleep.html,5 Wellness.pdf,5,Wellness,Understanding Sleep,informational,false,,source-extraction-review-needed,review-needed,medium,true,Printed text OCR was normalized and structured from the page image; visual comparison is required before final acceptance.
wellness-p006,/learn/wellness/sleep.html,5 Wellness.pdf,6,Wellness,The Five Stages of Sleep,informational,false,,source-extraction-insufficient,review-needed,low,true,Printed text OCR was normalized and structured from the page image; visual comparison is required before final acceptance.
wellness-p007,/learn/wellness/sleep.html,5 Wellness.pdf,7,Wellness,Additional Sleep Hygiene Tips,informational,false,,source-extraction-review-needed,review-needed,medium,true,Printed text OCR was normalized and structured from the page image; visual comparison is required before final acceptance.
wellness-p008,/learn/wellness/sleep.html,5 Wellness.pdf,8,Wellness,Sleep Hygiene Practice Sheet,interactive,true,date,source-extraction-review-needed,review-needed,medium,true,Embedded searchable PDF text normalized and structured in QMD; repeated publication footer omitted. Visual structure still requires review unless integrated into an authored section.
wellness-p010,/learn/wellness/behavioral-activation.html,5 Wellness.pdf,10,Wellness,The First Vicious Cycle,informational,false,,source-extraction-review-needed,review-needed,medium,true,Printed text OCR was normalized and structured from the page image; visual comparison is required before final acceptance.
wellness-p011,/learn/wellness/behavioral-activation.html,5 Wellness.pdf,11,Wellness,The Second Vicious Cycle,informational,false,,source-extraction-review-needed,review-needed,medium,true,Printed text OCR was normalized and structured from the page image; visual comparison is required before final acceptance.
wellness-p012,/learn/wellness/behavioral-activation.html,5 Wellness.pdf,12,Wellness,Your Cycles,interactive,true,reflection|text,source-extraction-review-needed,review-needed,medium,true,Printed text OCR was normalized and structured from the page image; visual comparison is required before final acceptance.
wellness-p013,/learn/wellness/behavioral-activation.html,5 Wellness.pdf,13,Wellness,The Upward Spiral of Behavioural Activation,informational,false,,lesson-native-context,review-needed,high,true,Printed text OCR was normalized and structured from the page image; visual comparison is required before final acceptance. Native wording is integrated into existing stable lesson anchors.
wellness-p014,/learn/wellness/behavioral-activation.html,5 Wellness.pdf,14,Wellness,What Is Behaviour Activation?,informational,false,,lesson-native-context,review-needed,high,true,Printed text OCR was normalized and structured from the page image; visual comparison is required before final acceptance. Native wording is integrated into existing stable lesson anchors.
wellness-p015,/learn/wellness/behavioral-activation.html,5 Wellness.pdf,15,Wellness,Behaviour Activation: Battery vs. Generator,informational,false,,source-extraction-review-needed,review-needed,medium,true,Printed text OCR was normalized and structured from the page image; visual comparison is required before final acceptance.
wellness-p016,/learn/wellness/behavioral-activation.html,5 Wellness.pdf,16,Wellness,"Behavioural Activation Tips, Part 1",informational,false,,source-extraction-review-needed,review-needed,medium,true,Printed text OCR was normalized and structured from the page image; visual comparison is required before final acceptance.
wellness-p017,/learn/wellness/behavioral-activation.html,5 Wellness.pdf,17,Wellness,"Behavioural Activation Tips, Part 2",informational,false,,source-extraction-review-needed,review-needed,medium,true,Printed text OCR was normalized and structured from the page image; visual comparison is required before final acceptance.
wellness-p018,/learn/wellness/behavioral-activation.html,5 Wellness.pdf,18,Wellness,"Behavioural Activation Tips, Part 3",informational,false,,source-extraction-review-needed,review-needed,medium,true,Printed text OCR was normalized and structured from the page image; visual comparison is required before final acceptance.
wellness-p019,/learn/wellness/behavioral-activation.html,5 Wellness.pdf,19,Wellness,Activity Monitoring Worksheet,interactive,true,table,source-extraction-review-needed,review-needed,medium,true,Printed text OCR was normalized and structured from the page image; visual comparison is required before final acceptance.
wellness-p020,/learn/wellness/behavioral-activation.html,5 Wellness.pdf,20,Wellness,Activity Planning Worksheet,interactive,true,table,source-extraction-review-needed,review-needed,medium,true,Printed text OCR was normalized and structured from the page image; visual comparison is required before final acceptance.
wellness-p021,/learn/wellness/behavioral-activation.html,5 Wellness.pdf,21,Wellness,Behavioural Activation Barriers and Resources,interactive,true,text,source-extraction-review-needed,review-needed,medium,true,Printed text OCR was normalized and structured from the page image; visual comparison is required before final acceptance.
wellness-p023,/learn/wellness/behavior-chain-missing-links.html,5 Wellness.pdf,23,Wellness,Analyzing Behaviour,informational,false,,lesson-native-context,review-needed,high,true,Embedded searchable PDF text normalized and structured in QMD; repeated publication footer omitted. Visual structure still requires review unless integrated into an authored section. Native wording is integrated into existing stable lesson anchors.
wellness-p024,/learn/wellness/behavior-chain-missing-links.html,5 Wellness.pdf,24,Wellness,The Behaviour Chain Analysis,informational,false,,lesson-native-context,review-needed,high,true,Printed text OCR was normalized and structured from the page image; visual comparison is required before final acceptance. Native wording is integrated into existing stable lesson anchors.
wellness-p025,/learn/wellness/behavior-chain-missing-links.html,5 Wellness.pdf,25,Wellness,"Behaviour Chain Analysis Example, Part 1",informational,false,,source-extraction-review-needed,review-needed,medium,true,Printed text OCR was normalized and structured from the page image; visual comparison is required before final acceptance.
wellness-p026,/learn/wellness/behavior-chain-missing-links.html,5 Wellness.pdf,26,Wellness,"Behaviour Chain Analysis Example, Part 2",informational,false,,source-extraction-review-needed,review-needed,medium,true,Printed text OCR was normalized and structured from the page image; visual comparison is required before final acceptance.
wellness-p027,/learn/wellness/behavior-chain-missing-links.html,5 Wellness.pdf,27,Wellness,"Behaviour Chain Analysis Example, Part 3",informational,false,,source-extraction-review-needed,review-needed,medium,true,Printed text OCR was normalized and structured from the page image; visual comparison is required before final acceptance.
wellness-p028,/learn/wellness/behavior-chain-missing-links.html,5 Wellness.pdf,28,Wellness,"Behaviour Chain Analysis Worksheet, Part 1",interactive,true,text|textarea|reflection|multi-select,source-extraction-review-needed,review-needed,medium,true,Printed text OCR was normalized and structured from the page image; visual comparison is required before final acceptance.
wellness-p029,/learn/wellness/behavior-chain-missing-links.html,5 Wellness.pdf,29,Wellness,"Behaviour Chain Analysis Worksheet, Part 2",interactive,true,reflection,source-extraction-review-needed,review-needed,medium,true,Printed text OCR was normalized and structured from the page image; visual comparison is required before final acceptance.
wellness-p030,/learn/wellness/behavior-chain-missing-links.html,5 Wellness.pdf,30,Wellness,"Behaviour Chain Analysis Worksheet, Part 3",interactive,true,reflection|planning,source-extraction-review-needed,review-needed,medium,true,Printed text OCR was normalized and structured from the page image; visual comparison is required before final acceptance.
wellness-p031,/learn/wellness/behavior-chain-missing-links.html,5 Wellness.pdf,31,Wellness,Behaviour Chain Analysis Map,mixed,true,reflection|planning|textarea|table,lesson-native-context,draft,high,false,Printed text OCR was normalized and structured from the page image; visual comparison is required before final acceptance. Native wording is integrated into existing stable lesson anchors.
wellness-p032,/learn/wellness/behavior-chain-missing-links.html,5 Wellness.pdf,32,Wellness,Missing-Links Analysis,mixed,true,reflection|planning|textarea|table,lesson-native-context,draft,high,false,Embedded searchable PDF text normalized and structured in QMD; repeated publication footer omitted. Visual structure still requires review unless integrated into an authored section. Native wording is integrated into existing stable lesson anchors.
wellness-p034,/learn/wellness/maladaptive-coping.html,5 Wellness.pdf,34,Wellness,Effects of Substance Use,informational,false,,source-extraction-review-needed,review-needed,medium,true,Printed text OCR was normalized and structured from the page image; visual comparison is required before final acceptance.
wellness-p035,/learn/wellness/maladaptive-coping.html,5 Wellness.pdf,35,Wellness,Signs of Maladaptive Coping,informational,false,,source-extraction-review-needed,review-needed,medium,true,Printed text OCR was normalized and structured from the page image; visual comparison is required before final acceptance.
wellness-p036,/learn/wellness/maladaptive-coping.html,5 Wellness.pdf,36,Wellness,Stages of Change,informational,false,,lesson-native-context,review-needed,high,true,Printed text OCR was normalized and structured from the page image; visual comparison is required before final acceptance. Native wording is integrated into existing stable lesson anchors.
wellness-p037,/learn/wellness/maladaptive-coping.html,5 Wellness.pdf,37,Wellness,"Stages of Change Worksheet, Part 1",interactive,true,textarea|text|reflection,source-extraction-review-needed,review-needed,medium,true,Printed text OCR was normalized and structured from the page image; visual comparison is required before final acceptance.
wellness-p038,/learn/wellness/maladaptive-coping.html,5 Wellness.pdf,38,Wellness,"Stages of Change Worksheet, Part 2",interactive,true,text|reflection|planning,source-extraction-review-needed,review-needed,medium,true,Printed text OCR was normalized and structured from the page image; visual comparison is required before final acceptance.
wellness-p039,/learn/wellness/maladaptive-coping.html,5 Wellness.pdf,39,Wellness,"Stages of Change Worksheet, Part 3",interactive,true,reflection|text,source-extraction-review-needed,review-needed,medium,true,Printed text OCR was normalized and structured from the page image; visual comparison is required before final acceptance.
wellness-p040,/learn/wellness/maladaptive-coping.html,5 Wellness.pdf,40,Wellness,Naloxone: Save a Life,informational,false,,source-extraction-review-needed,review-needed,medium,true,Printed text OCR was normalized and structured from the page image; visual comparison is required before final acceptance.
wellness-p041,/learn/wellness/maladaptive-coping.html,5 Wellness.pdf,41,Wellness,Opioid Overdoses: What to Do,informational,false,,source-extraction-review-needed,review-needed,medium,true,Printed text OCR was normalized and structured from the page image; visual comparison is required before final acceptance.
wellness-p043,/learn/wellness/balanced-eating.html,5 Wellness.pdf,43,Wellness,"Seven Tips for Balanced Eating, Part 1",informational,false,,lesson-native-context,review-needed,high,true,Printed text OCR was normalized and structured from the page image; visual comparison is required before final acceptance. Native wording is integrated into existing stable lesson anchors.
wellness-p044,/learn/wellness/balanced-eating.html,5 Wellness.pdf,44,Wellness,"Seven Tips for Balanced Eating, Part 2",informational,false,,lesson-native-context,review-needed,high,true,Printed text OCR was normalized and structured from the page image; visual comparison is required before final acceptance. Native wording is integrated into existing stable lesson anchors.
wellness-p045,/learn/wellness/balanced-eating.html,5 Wellness.pdf,45,Wellness,Eating Well on a Budget,informational,false,,source-extraction-review-needed,review-needed,medium,true,Printed text OCR was normalized and structured from the page image; visual comparison is required before final acceptance.
wellness-p046,/learn/wellness/balanced-eating.html,5 Wellness.pdf,46,Wellness,"Canada's Food Guide: Eat Well, Live Well",informational,false,,source-extraction-review-needed,review-needed,medium,true,Printed text OCR was normalized and structured from the page image; visual comparison is required before final acceptance.
wellness-p047,/learn/wellness/balanced-eating.html,5 Wellness.pdf,47,Wellness,Healthy Eating Is More Than the Foods You Eat,informational,false,,source-extraction-review-needed,review-needed,medium,true,Printed text OCR was normalized and structured from the page image; visual comparison is required before final acceptance.
wellness-p048,/learn/wellness/balanced-eating.html,5 Wellness.pdf,48,Wellness,Estimating Portion Sizes,informational,false,,source-extraction-review-needed,review-needed,medium,true,Printed text OCR was normalized and structured from the page image; visual comparison is required before final acceptance.
wellness-p049,/learn/wellness/balanced-eating.html,5 Wellness.pdf,49,Wellness,Weekly Food Journal,interactive,true,text,source-extraction-review-needed,review-needed,medium,true,Printed text OCR was normalized and structured from the page image; visual comparison is required before final acceptance.
wellness-p050,/learn/wellness/balanced-eating.html,5 Wellness.pdf,50,Wellness,Weekly Meal Plan,interactive,true,repeating-rows,source-extraction-review-needed,review-needed,low,true,Printed text OCR was normalized and structured from the page image; visual comparison is required before final acceptance.
wellness-p052,/learn/wellness/medication-doctor-visits.html,5 Wellness.pdf,52,Wellness,Doctor Appointment Barriers,interactive,true,textarea|reflection|table|date|planning,lesson-native-context,draft,high,false,Printed text OCR was normalized and structured from the page image; visual comparison is required before final acceptance. Native wording is integrated into existing stable lesson anchors.
wellness-p053,/learn/wellness/medication-doctor-visits.html,5 Wellness.pdf,53,Wellness,Tips for Managing Appointments,informational,false,,lesson-native-context,review-needed,high,true,Printed text OCR was normalized and structured from the page image; visual comparison is required before final acceptance. Native wording is integrated into existing stable lesson anchors.
wellness-p054,/learn/wellness/medication-doctor-visits.html,5 Wellness.pdf,54,Wellness,Questions for Your Doctor and Appointment Reminder,interactive,true,textarea|reflection|table|date|planning,lesson-native-context,draft,high,false,Printed text OCR was normalized and structured from the page image; visual comparison is required before final acceptance. Native wording is integrated into existing stable lesson anchors.
wellness-p055,/learn/wellness/medication-doctor-visits.html,5 Wellness.pdf,55,Wellness,"Myths About Psychiatric Medication, Part 1",informational,false,,source-extraction-review-needed,review-needed,medium,true,Printed text OCR was normalized and structured from the page image; visual comparison is required before final acceptance.
wellness-p056,/learn/wellness/medication-doctor-visits.html,5 Wellness.pdf,56,Wellness,"Myths About Psychiatric Medication, Part 2",informational,false,,source-extraction-review-needed,review-needed,medium,true,Printed text OCR was normalized and structured from the page image; visual comparison is required before final acceptance.
wellness-p057,/learn/wellness/medication-doctor-visits.html,5 Wellness.pdf,57,Wellness,Medication Reminder Tools,informational,false,,source-extraction-review-needed,review-needed,medium,true,Printed text OCR was normalized and structured from the page image; visual comparison is required before final acceptance.
wellness-p058,/learn/wellness/medication-doctor-visits.html,5 Wellness.pdf,58,Wellness,Medication Organizers,informational,false,,source-extraction-review-needed,review-needed,medium,true,Printed text OCR was normalized and structured from the page image; visual comparison is required before final acceptance.
wellness-p059,/learn/wellness/medication-doctor-visits.html,5 Wellness.pdf,59,Wellness,Alarms and Medication Dispensers,informational,false,,source-extraction-review-needed,review-needed,medium,true,Printed text OCR was normalized and structured from the page image; visual comparison is required before final acceptance.
wellness-p060,/learn/wellness/medication-doctor-visits.html,5 Wellness.pdf,60,Wellness,My Current Medications,interactive,true,text,source-extraction-review-needed,review-needed,medium,true,Printed text OCR was normalized and structured from the page image; visual comparison is required before final acceptance.
wellness-p061,/learn/wellness/medication-doctor-visits.html,5 Wellness.pdf,61,Wellness,My Current Medications: Extended,interactive,true,text,source-extraction-review-needed,review-needed,medium,true,Printed text OCR was normalized and structured from the page image; visual comparison is required before final acceptance.
wellness-p062,/learn/wellness/medication-doctor-visits.html,5 Wellness.pdf,62,Wellness,Health Care Connect,informational,false,,source-extraction-review-needed,review-needed,medium,true,Printed text OCR was normalized and structured from the page image; visual comparison is required before final acceptance.
